Title,Author,Year,ISBN,Target Users,Expertise Level,Lesson Plans or Projects,Subjects,Amazon Link,Worldcat Link,Annotation
"Mastering 3D printing : modeling, printing, and prototyping with reprap-style 3D printers","Joan C.,Horvath",2014,1484200268 :,,,,,,,
A Hands-On Course in Sensors Using the Arduino and Raspberry Pi,Volker Ziemann,2018,,,,,,,,
Wearable Computing: From Modeling to Implementation of Wearable Systems Based on Body Sensor Networks,"Giancarlo Fortino,Raffaele Gravina,Stefano Galzarano",2018,978-1118864579,"College/University,General",Advanced,,,https://www.amazon.com/Wearable-Computing-Modeling-Implementation-Networks-ebook/dp/B07C1DV3Y4,,
Mobile Technology and Academic Libraries: Innovative Services for Research and Learning,"Robin Canuel,Chad Crichton",2017,978-0838988794,"Libraries,College/University","Intermediate,Advanced",,,https://www.amazon.com/Mobile-Technology-Academic-Libraries-Innovative/dp/0838988792/ref=sr_1_1?ie=UTF8&qid=1543369094&sr=8-1&keywords=mobile+technology+and+academic+libraries,,
3D Modeling,"Theo,Zizka",2014,978-1-63137-812-6,,,,,,,
"Blender Quick Start Guide: 3D Modeling, Animation, and Render with Eevee in Blender 2.8","Allan,Brito",2018,978-1-78961-293-6,,,,,,,
"Knit, Hook, and Spin: A Kid's Activity Guide to Fiber Arts and Crafts","Laurie,Carlson",2016,978-1-61373-403-2,,,,,,,
Laser Cutting for Fashion and Textiles,"Laura Berens,Baker",2016,978-1-78067-617-3,,,,,,,
Laser Cutting and 3-D Printing for Railway Modellers,"Bob,Gledhill",2016,978-1-78500-227-4,,,,,,,
"Origami, Plain and Simple","Thomas,Robert; Hull,Neale",2018,978-1-250-23008-9,,,,,,,
Raspberry Pi For Dummies,,,,,,,,,,
Exploring Raspberry Pi: Interfacing to the Real World with Embedded Linux,"Derek,Molloy",2016,978-1-119-18870-4,,,,,,,
A beginner's guide to 3D modeling : a guide to Autodesk Fusion 360,"Cameron,Coward",2019,978-1-59327-926-4 1-59327-926-4,,,,,,,
The Invent to Learn guide to 3D printing in the classroom : recipes for success,"Norma,Sara; Thornburg,David D.; Armstrong,Thornburg",2014,0-9891511-4-X,,,,,,,
Coding for kids for dummies,"Camille,McCue",2015,1-118-94032-6,,,,,,,
Raspberry Pi Projects for Kids.,"Daniel (Computer science researcher),Bates",2014,1-306-53840-8,,,,,,,
Design thinking : a guide to creative problem solving for everyone,"Andy,Pressman",2019,1-138-67345-5,,,,,,,
Elements of Photogrammetry with Application in GIS,"Benjamin E.,Bon A.; Wilkinson,Paul R.; Dewitt,Wolf",2014,0071761128 (hbk.),,,,,,,
"How to show & sell your crafts : how to build your craft business at home, online, and in the marketplace","Torie.,Jayne",2014,978-1-250-04472-3 1-250-04472-3,,,,,,,
Quilled mandalas : 30 paper projects for creativity and relaxation,"Alli,Bartkowski",2016,,,,,,,,
The maker's field guide : the definitive guide to making anything imaginable,"Christopher,Armstrong",2019,978-1-73254-550-2 1-73254-550-2,,,,,,,
"3D CAD with Autodesk 123D : designing for 3D printing, laser cutting, and personal fabrication","Emily,; Gertz,Jesse Harrington,Au",2016,978-1-4493-4301-9 1-4493-4301-5,,,,,,,
Creating with laser cutters and engravers,"Mary-Lane,Kamberg",2017,978-1-4994-6505-1 1-4994-6505-X,,,,,,,
Outdoor wood projects : 24 projects you can build in a weekend,"Steve.,Cory",2014,978-1-62113-808-2 1-62113-808-9,,,,,,,
"The weaving explorer : ingenious techniques, accessible tools & creative projects with yarn, paper, wire & more","Gwen,; Steege,Deborah,Jarchow",2019,978-1-63586-028-3 1-63586-028-8,,,,,https://www.amazon.com/Weaving-Explorer-Ingenious-Techniques-Accessible/dp/1635860288/ref=sr_1_1?keywords=The+weaving+explorer+%3A+ingenious+techniques%2C+accessible+tools+%26+creative+projects+with+yarn%2C+paper%2C+wire+%26+more&qid=1570112226&s=gateway&sr=8-1,https://www.worldcat.org/title/weaving-explorer-ingenious-techniques-accessible-tools-creative-projects-with-yarn-paper-wire-more/oclc/1113055234&referer=brief_results,
ESP8266 home automation projects : leverage the power of this tiny WiFi chip to build exciting smart home projects,"Catalin.,Batrinu",2017,,,,,,,,
Make : 3D printing,"Brian,Anna Kaziunas; Jepson,France",2014,1-4571-8293-9,,,,,,,
Amazing origami gifts,"Rob,Ives",2019,978-1-5415-4280-8 1-5415-4280-0,,,,,https://www.amazon.com/Amazing-Origami-Gifts-Rob-Ives/dp/1541501241/ref=sr_1_1?crid=QNMU4RZO6NRX&keywords=amazing+origami+gifts+rob+ives&qid=1570113542&s=gateway&sprefix=Amazing+origami+gifts+r%2Caps%2C168&sr=8-1,https://www.worldcat.org/title/amazing-origami-gifts/oclc/1042077223&referer=brief_results,
The essential guide to HTML5 : using games to learn HTML5 and JavaScript,"Jeanine,Meyer",2018,1-4842-4154-1,,,,,,,
"The Art of Photography : A Personal Approach to Artistic Expression, 2nd Edition","Bruce,Barnbaum",2017,1-68198-210-2,,,,,,,
Development of creative spaces in academic libraries : a decision maker's guide,"Katy Kavanagh,Webb",2018,0-08-102266-2 978-0-08-102266-5,,,,,https://www.amazon.com/Development-Creative-Spaces-Academic-Libraries/dp/0081022662/ref=sr_1_1?keywords=Development+of+creative+spaces+in+academic+libraries+%3A+a+decision+maker%27s+guide&qid=1570113871&s=gateway&sr=8-1,https://www.worldcat.org/title/development-of-creative-spaces-in-academic-libraries-a-decision-makers-guide/oclc/1079360576&referer=brief_results,
Robotics : a project-based approach,"Mike,Lakshmi; Tanamachi,Valerie Haynes; Prayaga,Sam; Perry,Garvey",2015,1-305-27102-5,,,,,,,
3D animation for the raw beginner using Autodesk Maya 2nd edition,"Roger (Roger Alan),King",2019,0-8153-8878-0,,,,,,,
Internet of things,"Lisa J.,Amstutz",2020,978-1-64493-004-5 1-64493-004-8 978-1-64185-918-9 1-64185-918-0,,,,,,,
Cool woodworking projects,"Rebecca,Felix",2017,978-1-68078-130-4 1-68078-130-8,,,,,,,
"Homeskills. an introduction to sawing, drilling, shaping & joining wood.",,2013,1591865794 (softcover),,,,,,,
Code it! Create it! : ideas + inspiration for coding,"Brenna,Sarah; Vaughan,Hutt",2017,978-0-399-54255-8,,,,,,,
Python for Kids : a playful introduction to programming,"Jason R.,Briggs",2012,1-59327-407-6,,,,,,,
Home Automation For Dummies.,"Dwight; ProQuest (Firm),Spivey",2015,978-1-118-94926-9,,,,,,,
3D Modeling : 21st Century Skills Innovation Library,Theo Zizka,2014,9781631378126 1631378120,K-12,Beginner,checked,3D Modeling,https://www.amazon.com/Modeling-Century-Skills-Innovation-Library/dp/1631377922/ref=sr_1_1?keywords=3D+Modeling+%3A+21st+Century+Skills+Innovation+Library&qid=1575300157&sr=8-1 ,https://www.worldcat.org/title/3d-modeling-21st-century-skills-innovation-library/oclc/963796740&referer=brief_results,This book explores the basics of 3D modeling using the free SketchUp software.  It also suggests ways to  further develop your 3D modeling skills once you finish the book.
3D Modeling For Beginners: Learn everything you need to know about 3D Modeling!,Danan Thilakanathan,2016,9781530799626 1530799627,General,"Beginner,Intermediate",checked,3D Modeling,https://www.amazon.com/3D-Modeling-Beginners-Learn-everything-ebook/dp/B01DJ2I930/ref=sr_1_1?keywords=3D+modeling+for+beginners+%3A+learn+everything+you+need+to+know+about+3D+modeling%21&qid=1575758323&sr=8-1,https://www.worldcat.org/title/3d-modeling-for-beginners-learn-everything-you-need-to-know-about-3d-modeling/oclc/959283280&referer=brief_results,"This concise and practical book covers the basics of 3D modeling as well as the author's personal tips for more efficient project creation.  It includes projects to help you practice the modeling in 3D such as creating a model of a face, a landscape, and more."
3D Modeling and Printing with Tinkercad: Create and Print Your Own 3D Models,"James Floyd,Kelly",2014,978-0-13-379811-1,General,Beginner,checked,3D Modeling,https://www.amazon.com/3D-Modeling-Printing-Tinkercad-Create-ebook/dp/B00KMWVOZQ/ref=sr_1_1?keywords=3D+Modeling+and+Printing+with+Tinkercad%3A+Create+and+Print+Your+Own+3D+Models&qid=1575491004&sr=8-1,https://www.worldcat.org/title/3d-printing-build-your-own-3d-printer-and-print-your-own-3d-objects/oclc/865004049&referer=brief_results,"This book is perfect for a beginner in Tinkercad looking to learn how create and use a 3D model.  It Includes basic skills in 3D modeling using a model rocket ship as an example.After developing basic skills, it moves the project creation process, how to print your project, and other applications for your 3D models.  "
AutoCAD 2019: 3D Modeling,"Munir,Hamad",2019,168392178X,"College/University,Libraries",Intermediate,,3D Modeling,https://www.amazon.com/AutoCAD-2019-Modeling-Munir-Hamad-ebook/dp/B07FKQSFJ6/ref=sr_1_9?keywords=AutoCAD+2019%3A+3D+Modeling&qid=1569589687&s=gateway&sr=8-9,https://www.worldcat.org/title/autocad-2019-3d-modeling/oclc/1038803522&referer=brief_results,AutoCAD 2019: 3D Modeling covers everything from the basics of AutoCAD like how to view a design in a 3 dimensional plain to designing different kinds of surfaces to assigning materials to your design to animating or printing your design.
"Learn Autodesk Inventor 2018 basics : 3D modeling, 2D graphics, and assembly design","T.,Kishore",2017,978-1-4842-3224-8 1-4842-3224-0,General,Beginner,checked,3D Modeling,https://www.amazon.com/Learn-Autodesk-Inventor-2018-Basics/dp/1484232240/ref=sr_1_1?keywords=Learn+Autodesk+Inventor+2018+basics+%3A+3D+modeling%2C+2D+graphics%2C+and+assembly+design&qid=1569590145&s=gateway&sr=8-1,https://www.worldcat.org/search?q=Learn+Autodesk+Inventor+2018+basics+%3A+3D+modeling%2C+2D+graphics%2C+and+assembly+design&qt=owc_search,"This book is perfect for someone new to Autodesk.  It helps you build basic skills in the program by guiding you through step by step tutorials in basic part modeling, sheet metal modeling, top-down assembly and joints, and more.  It starts with basic skills and builds to intermediate skills as you progress through the tutorials. "
"Design for 3D printing : scanning, creating, editing, remixing and making in three dimensions","Tatiana,; Reinhard,Bertier,; Luyt,Samuel N.,Bernier",2018,978-1-4571-8736-0 1-4571-8736-1,General,Beginner,checked,"3D Scanning,3D Modeling",https://www.amazon.com/Design-3D-Printing-Scanning-Dimensions/dp/1457187361,https://www.worldcat.org/title/design-for-3d-printing-scanning-creating-editing-remixing-and-making-in-three-dimensions/oclc/910702365,"Designed for the everyday consumer, this book will guide you through the emerging world of 3D printing and give you information on techniques, machines accessible to anyone wanting to start 3D printing.  You will learn the basics of various softwares for editing projects or modeling them yourself.  It includes a downloadable projects that you can work on as you follow instructions detailed to build each skill."
63 ready-to-use maker projects,"Ellyssa,Kroski",2018,0-8389-1591-4,"Libraries,General","Beginner,Intermediate",checked,"3D Modeling,Sewing,Paper Crafts,Soldering,Laser Cutting,Robotics,Photography & Video",https://www.amazon.com/63-Ready-Use-Maker-Projects/dp/0838915914/ref=sr_1_1?keywords=63+ready-to-use+maker+projects&qid=1575490363&sr=8-1,https://www.worldcat.org/title/63-ready-to-use-maker-projects/oclc/1075758989&referer=brief_results,"This expansive book includes projects from makers instructing a variety of mediums (paper, programming, wearables, 3D printing and more.  This book is a perfect catalogue of maker projects to utilize in your makerspace, whether you are running a program pr just looking for ways to build your own skills."
"3D printing : technology, applications, and selection","Rafiq,Noorani",2017,10.1201/9781315155494 doi,General,Intermediate,,3D Printing,https://www.amazon.com/3D-Printing-Technology-Applications-Selection/dp/1498783759/ref=sr_1_2?keywords=3D+printing+%3A+technology%2C+applications%2C+and+selection&qid=1569590604&s=gateway&sr=8-2,https://www.worldcat.org/title/3d-printing-technology-applications-and-selection/oclc/1021403874&referer=brief_results,"3D printing : technology, applications, and selection covers how 3D printers are made, how they work, and what they can be used for.  This is a great book for anyone who wants to learn more about 3D printing as a tool."
Practical Guide for Librarians: 3D Printing,"Sara Russell Gonzalez,Denise Bennett",2016,978-1-4422-5548-7,"K-12,College/University,Libraries,General","Beginner,Intermediate",checked,3D Printing,https://www.amazon.com/3D-Printing-Practical-Librarians-Guides/dp/1442255471,https://www.worldcat.org/title/3d-printing-a-practical-guide-for-librarians/oclc/1028501464,"This all encompassing book is aimed at Librarians looking to incorporate 3D printing into their library. Some of the many topics covered in ""3D Printing: A practical Guide for Librarians"" include choosing a 3D printer, addressing technical problems and faculty concerns that may arise, creating an effective outreach program using your 3D printer."
Mastering 3D printing,"Joan C.,Horvath",2014,10.1007/978-1-4842-0025-4 doi,General,Intermediate,,3D Printing,https://www.amazon.com/Mastering-3D-Printing-Technology-Action/dp/1484200268/ref=sr_1_4?keywords=Mastering+3D+printing&qid=1569590845&s=gateway&sr=8-4,https://www.worldcat.org/title/3d-printing-designs-fun-and-functional-projects-get-to-grips-with-3d-printing-and-learn-to-model-designs-using-blender/oclc/953616405&referer=brief_results,"Mastering 3D Printing covers basic skills like how to create a printable file for your 3D printer, how to choose your materials, etc.  It also discusses the applications pf 3D printing in education and science, and the potential of 3D printing in the future. "
3d printing for dummies,"Richard; ebrary.,Kirk Kalani; Horne,Hausman",2014,9781118660683 (e-book),General,Beginner,,3D Printing,https://www.amazon.com/Printing-Dummies-Kalani-Kirk-Hausman/dp/1118660757/ref=sr_1_5?keywords=3D+printing+for+dummies&qid=1569256815&s=gateway&sr=8-5,https://www.worldcat.org/title/3d-printing-for-dummies/oclc/900057826&referer=brief_results,"This book is designed to teach you the basics of 3D Printing and is perfect for beginners.  It discusses the basics of 3D Printing, deciding what materials and printer to use, and the applications of 3D Printing.  These include art, manufacturing, and even food production."
3D printing projects,DK Inc.,2017,978-0-241-30221-7 0-241-30221-8,K-12,Beginner,checked,3D Printing,https://www.amazon.com/3D-Printing-Projects-DK/dp/146546476X/ref=sr_1_1?keywords=3D+printing+projects+DK&qid=1575760202&sr=8-1,https://www.worldcat.org/title/3d-printing-projects/oclc/973084037&referer=brief_results,"This book starts with an introduction to 3D printing and 3D modeling before diving into projects designed for curious junior makers.  Projects you will find include a dinosaur stamp, a colorful photo frame, a fridge magnet, and many more.  Each project includes detailed instructions on modeling and printing the projects, as well as any finishing touches after printing."
Getting the most out of makerspaces to create with 3-D printers,"""Petrikowski, Nicki Peter""",2015,978-1477778135,Libraries,Beginner,,3D Printing,https://www.amazon.com/Getting-Most-Makerspaces-Create-Printers/dp/1477786023/ref=sr_1_1?keywords=Getting+the+most+out+of+makerspaces+to+create+with+3-D+printers&qid=1569857195&s=gateway&sr=8-1,https://www.worldcat.org/title/getting-the-most-out-of-makerspaces-to-create-with-3-d-printers/oclc/884552729&referer=brief_results,This is a short and easy to read crash course in 3D Printing that covers the basics of 3D printing and how to incorporate 3D printing into your makerspace.
"3D technology in fine art and craft : exploring 3D printing, scanning, sculpting and milling","Bridgette,Mongeon",2016,1-138-84433-0,General,Beginner,,"3D Printing,3D Scanning",https://www.amazon.com/Technology-Fine-Art-Craft-Exploring/dp/1138844330/ref=sr_1_1?keywords=3D+technology+in+fine+art+and+craft+%3A+exploring+3D+printing%2C+scanning%2C+sculpting+and+milling&qid=1569855462&s=gateway&sr=8-1,https://www.worldcat.org/title/3d-technology-in-fine-art-and-craft-exploring-3d-printing-scanning-sculpting-and-milling/oclc/1003798240&referer=brief_results,3D Technology in Fine Art and Craft covers the basics of 3D printing and provides tutorials for creating art with a variety of 3D technologies.  There is also a section dedicated to professional artists who have created artwork using 3D technology and what techniques they employ in their creative process.
Getting Started with Arduino,"Massimo Banzi,Michael Shiloh",2014,9.78E+12,,,,Arduinos,,http://www.worldcat.org/oclc/904719184,3rd edition.  
Arduino Sketches: Tools and Techniques for Programming Wizardry,James A. Langbridge,2015,978-1118919606,"College/University,Libraries","Intermediate,Advanced",checked,Arduinos,https://www.amazon.com/Arduino-Sketches-Techniques-Programming-Wizardry/dp/1118919602,,UF Library Catalog - TJ223.P76L36 2015
Beginning Arduino (Technology in Action),Michael McRoberts,2013,978-1430250166,"Libraries,College/University,General,K-12","Beginner,Intermediate",checked,Arduinos,https://www.amazon.com/Beginning-Arduino-Technology-Michael-McRoberts/dp/143025016X,,UF - TK7835.M37 2013
Arduino workshop: a hands-on introduction with 65 projects,,,,,,checked,Arduinos,https://www.amazon.com/Arduino-Workshop-Hands-Introduction-Projects/dp/1593274483/ref=sr_1_1?keywords=Arduino+workshop%3A+a+hands-on+introduction+with+65+projects&qid=1569591579&s=gateway&sr=8-1,https://www.worldcat.org/title/arduino-workshop-a-hands-on-introduction-with-65-projects/oclc/940823119&referer=brief_results,"""Arduino workshop"" briefly discusses the basics of Arduino and then covers many applications and additions that enhance your use of your Arduino.  This would be helpful for someone who has already tried using an Arduino who is interested in advancing their knowledge."
Arduino workshop: a hands-on introduction with 65 projects,John Boxall,2013,978-1593274481,"General,College/University,Libraries","Beginner,Intermediate",checked,Arduinos,https://www.amazon.com/Arduino-Workshop-Hands-Introduction-Projects/dp/1593274483/ref=sr_1_1?ie=UTF8&qid=1541631535&sr=8-1&keywords=arduino+workshop,,
Adventures in Arduino,Becky Stewart,2015,978-1118948477,K-12,Beginner,checked,Arduinos,"https://www.amazon.com/Adventures-Arduino-Becky-Stewart/dp/1118948475/ref=sr_1_1?ie=UTF8&qid=1541632403&sr=8-1&keywords=adventures+in+arduino&dpID=51kUEtA7W4L&preST=_SX258_BO1,204,203,200_QL70_&dpSrc=srch",,UF Lib - TJ223.P76
Practical Arduino,"Jonathan Oxer,Hugh Blemings",2009,978-1430224778,"College/University,General,Libraries","Intermediate,Advanced",checked,Arduinos,https://www.amazon.com/Practical-Arduino-Projects-Hardware-Technology/dp/1430224770,,UF Library - QA76.76.O63O93 2009
Pro Arduino,"Rick Anderson,Dan Cervo",2013,978-1430239390,"College/University,Libraries",Advanced,checked,Arduinos,"https://www.amazon.com/Arduino-Technology-Action-Rick-Anderson/dp/1430239395/ref=sr_1_2?s=books&ie=UTF8&qid=1541654520&sr=1-2&keywords=Pro+Arduino&dpID=51h3K8dlXoL&preST=_SX258_BO1,204,203,200_QL70_&dpSrc=srch",,UF Library - TJ223.P76A53 2013eb
Arduino Playground: Geeky Projects for the Experienced Maker,Warren Andrews,2017,978-1593277444,"College/University,General,Libraries","Advanced,Intermediate",checked,Arduinos,"https://www.amazon.com/Arduino-Playground-Geeky-Projects-Experienced/dp/159327744X/ref=sr_1_1?s=books&ie=UTF8&qid=1541655140&sr=1-1&keywords=Arduino+Playground&dpID=51HyAc8oCoL&preST=_SX218_BO1,204,203,200_QL40_&dpSrc=srch",,UF Library - TJ223.P76
Arduino for Dummies,John Nussey,2013,978-1118446379,"General,College/University,Libraries","Beginner,Intermediate",checked,Arduinos,"https://www.amazon.com/Arduino-Dummies-John-Nussey/dp/1118446372/ref=sr_1_1?s=books&ie=UTF8&qid=1541655908&sr=1-1&keywords=arduino+for+dummies&dpID=51nLOVNuP%252BL&preST=_SX218_BO1,204,203,200_QL40_&dpSrc=srch",,UF Library - TJ223.P76N87749
Arduino Project Handbook: 25 Practical Projects to Get You Started,Mark Geddes,2016,978-1593276904,"College/University,Libraries,General",Beginner,checked,Arduinos,"https://www.amazon.com/Arduino-Project-Handbook-Practical-Projects/dp/1593276907/ref=sr_1_1?s=books&ie=UTF8&qid=1541656366&sr=1-1&keywords=arduino+project+handbook&dpID=51sLZyL00IL&preST=_SX218_BO1,204,203,200_QL40_&dpSrc=srch",http://www.worldcat.org/oclc/913335237,UF Lib - TJ223.P76
Arduino Microcontroller: Processing for Everyone!,Steven F. Barrett,2012,978-1627052535,"College/University,K-12,Libraries,General","Beginner,Intermediate",checked,Arduinos,https://www.amazon.com/Arduino-Microcontroller-Processing-Everyone-Synthesis/dp/1627052534/ref=sr_1_2?s=books&ie=UTF8&qid=1541656853&sr=1-2&keywords=arduino+microcontroller,http://www.worldcat.org/oclc/862113184,UF Library Online link
Arduino for Dummies.,"John; ProQuest (Firm),Consumer; Nussey,Dummies",2018,978-1-119-48954-2,General,"Beginner,Intermediate",,Arduinos,https://www.amazon.com/Arduino-Dummies-Computer-Tech/dp/1119489547/ref=sr_1_3?keywords=arduino+for+dummies&qid=1574350591&sr=8-3,https://www.worldcat.org/title/arduino-for-dummies/oclc/1048924447&referer=brief_results,"This book will be helpful for beginners, hobbyists, and more experienced electronics enthusiasts.  It includes instructions in a number of Arduino functions, including blinking LEDs, creating an Arduino sketch, and some basics of processing."
Building Arduino projects for the internet of things : experiments with real-world applications,"Adeel,Javed",2016,1-4842-1940-6,General,Beginner,checked,"Arduinos,Internet of Things",https://www.amazon.com/Building-Arduino-Projects-Internet-Things-ebook/dp/B01HUOW60K/ref=sr_1_1?keywords=Building+Arduino+projects+for+the+internet+of+things+%3A+experiments+with+real-world+applications&qid=1571080037&sr=8-1,https://www.worldcat.org/title/building-arduino-projects-for-the-internet-of-things-experiments-with-real-world-applications/oclc/948547274&referer=brief_results,This book introduces you to the Internet of Things and how Arduinos can help you create smarter objects.  It covers the basics of Arduinos and different patterns (input to response) that you can use to optimize your IoT project.  Most chapters include examples to guide you through the development if its specific pattern.
Internet of Things programming with JavaScript : learn the art of bringing the Internet of Things into your projects with the power of JavaScript,"Ruben Oliva,Ramos",2017,1-78588-856-0 978-1-78588-856-4,General,"Beginner,Intermediate",,"Internet of Things,Programming,Raspberry Pi's,Arduinos",https://www.amazon.com/Internet-Things-IoT-Technologies-Applications/dp/1138035009/ref=sr_1_1?ie=UTF8&qid=1543368706&sr=8-1&keywords=internet+of+things+technologies+applications+challenges+and+solutions,https://www.worldcat.org/title/internet-of-things-programming-with-javascript-learn-the-art-of-bringing-the-internet-of-things-into-your-projects-with-the-power-of-javascript/oclc/1078360287&referer=brief_results,"This book explores the combination of Raspberry Pis and Arduinos to create personalized smart-home projects like safety sensors, webcam monitoring, and developing an iPhone app to control your devices.  It includes a list of required materials and step by step instructions and code commands for your convenience.  "
Raspberry Pi for Arduino users : building IoT and network applications and devices,"James R.,Strickland",2018,1-4842-3413-8,General,"Intermediate,Advanced",checked,"Arduinos,Raspberry Pi's,Programming",https://www.amazon.com/Raspberry-Pi-Arduino-Users-Applications/dp/1484234138/ref=sr_1_1?keywords=Raspberry+Pi+for+Arduino+users+%3A+building+IoT+and+network+applications+and+devices&qid=1574352197&sr=8-1,https://www.worldcat.org/title/raspberry-pi-for-arduino-users-building-iot-and-network-applications-and-devices/oclc/1050941736&referer=brief_results,"This book builds off of your Arduino skills to show you how to use Raspberry Pi's to create even cooler electronics.  You will learn some C++ coding, connecting your applications to the internet, and more."
Hacking electronics : learning electronics with Arduino and Raspberry Pi,"Simon,Monk",2017,1-260-01221-2,General,Beginner,checked,"Arduinos,Raspberry Pi's,Soldering",https://www.amazon.com/Hacking-Electronics-Learning-Arduino-Raspberry/dp/1260012204/ref=sr_1_1?keywords=Hacking+electronics+%3A+learning+electronics+with+Arduino+and+Raspberry+Pi&qid=1571080867&s=sporting-goods&sr=8-1,https://www.worldcat.org/title/hacking-electronics-learning-electronics-with-arduino-and-raspberry-pi-second-edition/oclc/1012858110&referer=brief_results,"Hacking electronics is a step by step guide to experimenting with electronics projects using Raspberry Pi's and Arduinos.  Using these platforms, the book guides you with easy-to-follow visuals and do-it-yourself projects."
Arduino wearables,Tony Olsson,2012,978-1430243595,"K-12,Libraries,College/University,General","Beginner,Intermediate",checked,"Arduinos,Wearables",https://www.amazon.com/Arduino-Wearables-Technology-Action-Olsson/dp/1430243597,,UF lib - QA76.592.O47 2012 
Digital Textile Design,"Melanie Bowles,Ceri Isaac",2012,978-1780670027,"College/University,General","Beginner,Intermediate",checked,Fiber Arts,https://www.amazon.com/Digital-Textile-Design-Second-Melanie/dp/1780670028/ref=pd_sim_14_5?_encoding=UTF8&pd_rd_i=1780670028&pd_rd_r=dfeda8d0-f2ca-11e8-bd66-f7675945ae46&pd_rd_w=1JeJE&pd_rd_wg=MR1X3&pf_rd_i=desktop-dp-sims&pf_rd_m=ATVPDKIKX0DER&pf_rd_p=18bb0b78-4200-49b9-ac91-f141d61a1780&pf_rd_r=23AY9252X85P0YXCW6PG&pf_rd_s=desktop-dp-sims&pf_rd_t=40701&psc=1&refRID=23AY9252X85P0YXCW6PG,,"Digital Textile Design, Second Edition covers everything students and practitioners of textile design will need to learn about designing and printing digitally. The book examines how designers can access this technique, looking at the work of those currently exploring its possibilities, and provides an insight into the technology involved in digital textile printing."
Macramé for home decor : 40 stunning projects for stylish decorating,"Samantha,Grenier",2019,978-1-56523-951-7 1-56523-951-2,General,Advanced,checked,Fiber Arts,https://www.amazon.com/Macrame-Home-Decor-Step-Step/dp/1565239512/ref=sr_1_1?keywords=Macram%C3%A9+for+home+decor+%3A+40+stunning+projects+for+stylish+decorating&qid=1570112480&s=gateway&sr=8-1,https://www.worldcat.org/title/macrame-for-home-decor-40-stunning-projects-for-stylish-decorating/oclc/1036786995&referer=brief_results,"The book starts with basic lessons on macrame and the basic toolkit and extends to 40 projects of varying complexity. Each project has detailed and illustrated step-by-step instructions. Each project is both decorative and useful for household and domestic purposes. Projects include many different types of home decor, plant hangers, wall hangings and mats"
Laser Cutting for Fashion and Textiles,Laura Berens Baker,2016,978-1780676173,"General,College/University","Beginner,Intermediate",checked,"Laser Cutting,Fiber Arts",https://www.amazon.com/Laser-Cutting-Fashion-Textiles-Berens/dp/1780676174/ref=sr_1_7?s=books&ie=UTF8&qid=1543380732&sr=1-7&keywords=Laser+Cutting,,"In this book, Laura Berens Baker provides 14 inspirational projects that demonstrate how to use laser cutting equipment to produce original designs for garments and accessories. The book explores how to engineer designs and harness laser technology to upcycle fabrics, replicating traditional finishes as well as developing new ones.  Each project is created in Adobe Illustrator and includes step-by-step instructions for creating the design for the laser cutter, followed by instructions for cutting and sewing. Extra material available to download from the Laurence King website includes patterns and templates for the designs."
Smart Textiles for Designers: Inventing the Future of Fabrics,Rebeccah Pailes-Friedman,2016,978-1780677323,"General,College/University","Beginner,Intermediate",checked,"Laser Cutting,Sewing,Fiber Arts",https://www.amazon.com/Smart-Textiles-Designers-Inventing-Fabrics/dp/1780677324/ref=pd_sim_14_1?_encoding=UTF8&pd_rd_i=1780677324&pd_rd_r=8daddcc2-f2c9-11e8-a029-3b664630e258&pd_rd_w=QLTK9&pd_rd_wg=b7EIQ&pf_rd_i=desktop-dp-sims&pf_rd_m=ATVPDKIKX0DER&pf_rd_p=18bb0b78-4200-49b9-ac91-f141d61a1780&pf_rd_r=T1HXS3N5X9ESSMWG0ZDV&pf_rd_s=desktop-dp-sims&pf_rd_t=40701&psc=1&refRID=T1HXS3N5X9ESSMWG0ZDV,,"Approaches centered on design and designers. Smart Textiles for Designers introduces the different qualities and properties that can be embedded in, integrated with, and applied to fabrics, and looks at the different contexts in which these smart textiles can be used. The first book to look at smart textiles through the eyes of a designer, this is both a core reference work and an inspirational guide for students and professionals alike."
Soft Circuits: Crafting e-Fashion with DIY Electronics,"Kylie Peppler,Melissa Gresalfi,Katie Salen Tekinbas,Rafi Santo",2014,978-0262027847,"K-12,College/University,General","Beginner,Intermediate",checked,"Wearables,Sewing,Fiber Arts",https://www.amazon.com/Soft-Circuits-Fashion-Electronics-Foundation/dp/0262027844/ref=pd_sim_14_10?_encoding=UTF8&pd_rd_i=0262027844&pd_rd_r=dfeda8d0-f2ca-11e8-bd66-f7675945ae46&pd_rd_w=1JeJE&pd_rd_wg=MR1X3&pf_rd_i=desktop-dp-sims&pf_rd_m=ATVPDKIKX0DER&pf_rd_p=18bb0b78-4200-49b9-ac91-f141d61a1780&pf_rd_r=23AY9252X85P0YXCW6PG&pf_rd_s=desktop-dp-sims&pf_rd_t=40701&psc=1&refRID=23AY9252X85P0YXCW6PG,,"Soft Circuits introduces students to the world of wearable technology. Using Modkit, an accessible DIY electronics toolkit, students learn to create e-textile cuffs, “electrici-tee” shirts, and solar-powered backpacks. Students also learn the importance of one component to the whole?how, for example, changing the structure of LED connections immediately affects the number of LEDs that light up."
"Master your craft : strategies for designing, making, and selling artisan work","Tien,Chiu",2016,0-7643-5145-1,General,Beginner,,General Crafting/Making,https://www.amazon.com/Master-Your-Craft-Strategies-Designing/dp/0764351451/ref=sr_1_1?keywords=Master+your+craft+%3A+strategies+for+designing%2C+making%2C+and+selling+artisan+work&qid=1569856741&s=gateway&sr=8-1,https://www.worldcat.org/title/master-your-craft-strategies-for-designing-making-and-selling-artisan-work/oclc/958280165&referer=brief_results,"""Master your craft"" is designed for those who want to share their art with the world and make a profit doing so.  It guides you through the process of brainstorming your designs and self evaluating your work, and includes tips from artisans from a variety of crafts who have created businesses from their artwork."
Maker projects for kids who love exploring the outdoors,"Sarah,Levete",2017,978-0-7787-2576-3 0-7787-2576-6 978-0-7787-2582-4 0-7787-2582-0 978-1-5182-3541-2 1-5182-3541-7,K-12,Beginner,checked,General Crafting/Making,https://www.amazon.com/Maker-Projects-Kids-Exploring-Outdoors/dp/0778725766/ref=sr_1_1?keywords=Maker+projects+for+kids+who+love+exploring+the+outdoors&qid=1569876862&s=gateway&sr=8-1,https://www.worldcat.org/title/maker-projects-for-kids-who-love-exploring-the-outdoors/oclc/1032583779&referer=brief_results,"The book provides information for K-12 readers about surviving in nature through observation and creativity. The book provides basic and crucial information on wildlife, plants, insects and night and day in the forest. This information is accompanied by practical projects that will help people survive in wildlife such as building a sundial or a bug house or a shelter. It is heavily illustrated with attractive layout that makes for easy reading and detailed project instructions."
Calligraphy & lettering : a maker's guide,"; Thames and Hudson; V&A Publishing.,Eleanor,Crow",2019,978-0-500-29430-7 0-500-29430-5,General,Intermediate,checked,General Crafting/Making,https://www.amazon.com/Calligraphy-Lettering-Maker-s-Guide/dp/0500294305/ref=sr_1_fkmr0_1?keywords=Calligraphy+%26+lettering+%3A+a+maker%27s+guide+eleanor+crow&qid=1570112963&s=gateway&sr=8-1-fkmr0,https://www.worldcat.org/title/calligraphy-lettering-a-makers-guide/oclc/1052845594&referer=brief_results,"The book is a detailed, illustrated guide to the art of  calligraphy and lettering and covers a range of styles and patterns. It provides detailed instructions on the materials required and how to start with basic which could then be applied to complex projects. It provides some historical context with classic calligraphy like  Roman capitals, Gothic script and Italic script. It gives instructions on applying the skills to decorated letters, illuminated letters, embossing and monograms. It provides information and instruction on decorative projects like pen flourishes and chalkboard lettering. "
Ultimate Brush Lettering Guide : a Complete Step-By-Step Creative Workbook to Jumpstart Modern Calligraphy Skills.,"Peggy.,Dean",2018,978-0-399-58217-2 0-399-58217-7,General,Beginner,checked,General Crafting/Making,https://www.amazon.com/Ultimate-Brush-Lettering-Guide-Step/dp/0399582177/ref=sr_1_1?keywords=Ultimate+Brush+Lettering+Guide+%3A+a+Complete+Step-By-Step+Creative+Workbook+to+Jumpstart+Modern+Calligraphy+Skills.&qid=1570113053&s=gateway&sr=8-1,https://www.worldcat.org/title/ultimate-brush-lettering-guide-a-complete-step-by-step-creative-workbook-to-jumpstart-modern-calligraphy-skills/oclc/1050794842&referer=brief_results,"The book offers a detailed guide to brush lettering, as an art form. It provides information on how to use the book as well as the key differences between lettering, calligraphy and typography. It gives detailed lists of the materials required, that is, different kinds of pens and papers. The book contains worksheets for readers to practice different aspects of lettering like lettering, basic strokes, bounce and flourish. It also contains detailed instructions on DIY projects. The book is aimed for a general audience who would like to learn brush lettering."
Rad recycled art,"Emily,Kington",2019,978-1-912108-50-3 1-912108-50-X,K-12,Beginner,checked,General Crafting/Making,https://www.amazon.com/Rad-Recycled-Art-Wild-Projects-ebook/dp/B07JK6HQMQ/ref=sr_1_1?keywords=Rad+recycled+art&qid=1570114220&s=gateway&sr=8-1,https://www.worldcat.org/title/rad-recycled-art/oclc/1099594168&referer=brief_results,The book contains craft projects made from recycled easily available household material. Each project contains detailed instructions and a list of materials required. The goal of every project is to develop something that could be used in everyday life and also looks colorful and quirky.
I can make exciting electronics,"Amy,; Barth,Kristina,Holzweiss",2018,978-0-531-23411-2 0-531-23411-8 978-0-531-23880-6 0-531-23880-6,K-12,Beginner,checked,General Crafting/Making,https://www.amazon.com/Exciting-Electronics-Rookie-Makerspace-Projects/dp/0531238806/ref=sr_1_1?keywords=I+can+make+exciting+electronics&qid=1574640340&sr=8-1,https://www.worldcat.org/title/i-can-make-exciting-electronics/oclc/981948537&referer=brief_results,"This is the perfect book to introduce your youngsters to electronics.  It contains three simple and fun projects to teach about electric currents, lights and the types of circuits.  It wraps up with some interesting history about electricity."
25 projects for art explorers,"Christine,Kirker",2018,0-8389-1739-9 978-0-8389-1739-8,K-12,Beginner,checked,General Crafting/Making,https://www.amazon.com/Projects-Art-Explorers-Christine-Kirker/dp/0838917399/ref=sr_1_1?keywords=25+projects+for+art+explorers&qid=1570114504&s=gateway&sr=8-1,https://www.worldcat.org/title/25-projects-for-art-explorers/oclc/1040677777&referer=brief_results,The book provides instructions on different art projects using a variety of materials and techniques. Each project is presented through an example of a picture book. Children see how it is used in the text. It is then followed by a list of materials required and instructions. The illustrations are imaginative and allow children to think of art as an imaginative and applied process. 
The big book of maker skills : tools & techniques for building great tech projects,"Chris,Hackett",2018,1-68188-432-1 978-1-68188-432-5,General,"Beginner,Intermediate",checked,"Soldering,Hand Tools,General Crafting/Making",https://www.amazon.com/Big-Book-Maker-Skills/dp/1681884321/ref=sr_1_1?keywords=The+big+book+of+maker+skills+%3A+tools+%26+techniques+for+building+great+tech+projects&qid=1572464215&sr=8-1,https://www.worldcat.org/title/big-book-of-maker-skills-tools-techniques-for-building-great-tech-projects/oclc/1026693218&referer=brief_results,"This all encompassing book crams more than 200 small sections into its pages. Each section is a step in developing skills in a specific category (hand tools, power tools, or robotics) and some are projects while others are tips and tricks. By the end of this book, you will have learned to apply an oil finish, fuse metal with a DIY welder, and block your cellphone from satellites."
Vacation crafting : 150+ summer camp projects for boys & girls to make,"Suzanne,McNeill",2018,978-1-64124-017-8 1-64124-017-2,K-12,Beginner,checked,,,,
"The World Cat link is not available for this book.""",https://www.amazon.com/Vacation-Crafting-Easy-Follow-Find/dp/1641240172/ref=sr_1_1?keywords=Vacation+crafting+%3A+150%2B+summer+camp+projects+for+boys+%26+girls+to+make&qid=1570112558&s=gateway&sr=8-1,,"The book contains 150 projects to make over summer vacation. Projects are categorized by the basic material they use like seashells, plastic lace, strings, hemp etc. Every project has a description and list of materials required, followed by detailed instructions. The book has colorful and instructive illustrations to accompany the instructions. The highlighted text makes for easy reading for K-12 students.",,,,,,,
Hemp bracelets and more : easy instructions for more than 20 designs,"Suzanne.,McNeill",2016,978-1-4972-0057-9 1-4972-0057-1,K-12,Beginner,checked,General Crafts/ Making,https://www.amazon.com/Tandy-Leather-Hemp-Bracelets-61964-00/dp/1497200571/ref=sr_1_1?keywords=Hemp+bracelets+and+more+%3A+easy+instructions+for+more+than+20+designs&qid=1570112789&s=gateway&sr=8-1,https://www.worldcat.org/title/hemp-bracelets-and-more-easy-instructions-for-more-than-20-designs/oclc/929585526&referer=brief_results,"The book provides instruction on hemp bracelet projects with detailed, illustrated instructions on overhand knots, half-hitch knot, half knot, square knot and josephine knot. It starts with different ideas for bracelets and strategies for projects and knitting."
I can make toys,"Emily,Reid",2016,978-1-4777-5568-6 1-4777-5568-3 978-1-4777-5645-4 1-4777-5645-0,K-12,Beginner,checked,General Crafts/ Making,https://www.amazon.com/Can-Make-Toys-Makerspace-Projects/dp/1477756450/ref=sr_1_1?keywords=I+can+make+toys+Reid&qid=1575300987&sr=8-1,https://www.worldcat.org/title/i-can-make-toys/oclc/922305640&referer=brief_results,"This book is full of simple and fun crafts using your recyclables and other household materials to make toys.  Projects you will find include a sock puppet a kite, and a board game.  Each project includes a materials list and colorful instructions, as well as how to use the toy once it's finished."
10 great makerspace projects using social studies,"Kerry,Hinton",2018,978-1-4994-3850-5 1-4994-3850-8,"K-12,Libraries,General",Beginner,checked,"General Crafts/ Making,Makerspaces (General)",https://www.amazon.com/Makerspace-Projects-Social-Studies-Makerspaces/dp/1499438508/ref=sr_1_1?keywords=10+great+makerspace+projects+using+social+studies+Hinton+Kerry&qid=1572276323&sr=8-1,https://www.worldcat.org/title/10-great-makerspace-projects-using-social-studies/oclc/972092904&referer=brief_results,"This book beings with explaining what social studies is and how it connects to the Maker Revolution.  It includes 10 projects that use making to teach about humans and history.  All of the projects include detailed instructions, estimated time commitment, materials and skill level.  Some projects include making Egyptian papyrus, laser cutting a jigsaw puzzle, photo editing yourself into history."
"Woodworking with hand tools : tools, techniques & projects",Taunton Press,2018,978-1-63186-939-6 1-63186-939-6,,,,Hand Tools,,,
Wood carving,Boy Scouts of America,2016,978-0-8395-3309-2 0-8395-3309-8,,,,Hand Tools,,,
"Welding complete : techniques, project plans & instructions","Michael A.; Cool Springs Press; Creative Publishing International,Reeser",2017,0-7603-5774-9,,,,Hand Tools,https://www.amazon.com/Welding-Complete-2nd-Techniques-Instructions/dp/159186691X/ref=sr_1_2?keywords=Welding+complete+%3A+techniques%2C+project+plans+%26+instructions&qid=1571081471&sr=8-2,https://www.worldcat.org/title/welding-complete-techniques-project-plans-instructions/oclc/960836664&referer=brief_results,"Welding complete begins by discussing the basics of welding and then outlines projects you can complete to serve any purpose, including building your own welding table, wine rack, or fence. "
"How to build treehouses, huts & forts","David R.,Stiles",2018,978-1-4930-3673-8 1-4930-3673-4,,,,Hand Tools,,,
Ultimate guide home repair and improvement,"; Creative Homeowner Press.,Charles T.,Byers",2017,978-1-58011-783-8 1-58011-783-X,General,Advanced,,Hand Tools,https://www.amazon.com/Ultimate-Guide-Repair-Improvement-Updated/dp/158011783X/ref=sr_1_3?keywords=Ultimate+guide+home+repair+and+improvement&qid=1570112105&s=gateway&sr=8-3,https://www.worldcat.org/title/ultimate-guide-home-repair-and-improvement/oclc/959029423&referer=brief_results,The book provides detailed instruction on mending common household damages. It provides illustrated guidance on household repairs on an exhaustive list of damages and construction works. It also includes a comprehensive list of materials required for completing the tasks. 
Cool woodworking projects,"Rebecca,Felix",2017,978-1-68078-130-4 1-68078-130-8,K-12,Beginner,checked,Hand Tools,https://www.amazon.com/Cool-Woodworking-Projects-Activities-Industrial/dp/1680781308/ref=sr_1_1?keywords=Cool+woodworking+projects+felix&qid=1575758811&sr=8-1,https://www.worldcat.org/title/cool-woodworking-projects/oclc/1000592007&referer=brief_results,"This book is designed for teaching junior makers about wood working, using simple language and colorful images.  It includes an introduction to woodworking and 5 projects to build your new skills."
Wood shop : handy skills and creative building projects for kids,"Margaret,Larson",2018,978-1-61212-942-6 1-61212-942-0,K-12,"Beginner,Intermediate",checked,Hand Tools,https://www.amazon.com/Wood-Shop-Creative-Building-Projects/dp/1612129420/ref=sr_1_1?keywords=Wood+shop+%3A+handy+skills+and+creative+building+projects+for+kids&qid=1575757906&sr=8-1,https://www.worldcat.org/title/wood-shop-handy-skills-and-creative-building-projects-for-kids/oclc/1037884809&referer=brief_results,"This book, authored by a seasoned woodworker and mother, is a great teaching tool for the young ones who want to learn how to make things with wood.  In this book, you will find projects ranging from beginner friendly to projects for more experienced junior wood workers, and projects ranging from practically free to definitely more than one allowance.  It includes projects like a bird house, a peg board, and a hanging twinkle board."
"Building with secondhand stuff : how to reclaim, repurpose, re-use & upcycle salvaged & leftover materials","Chris,Peterson",2017,1-59186-681-2,General,"Intermediate,Advanced",checked,Hand Tools,https://www.amazon.com/Building-Secondhand-Stuff-2nd-Repurpose/dp/1591866812/ref=sr_1_1?keywords=Building+with+secondhand+stuff+%3A+how+to+reclaim%2C+repurpose%2C+re-use+%26+upcycle+salvaged+%26+leftover+materials&qid=1575492999&sr=8-1,https://www.worldcat.org/title/building-with-secondhand-stuff-how-to-reclaim-repurpose-re-use-upcycle-salvaged-leftover-materials/oclc/1033414986&referer=brief_results,"This book explores using old materials to create new and beautiful spaces.  It covers using reclaimed wood, old plumbing fixtures, glass, hardware, and more.  It also includes step-by-step instructions and photographs for some repurposing projects, like doors, floors, and cabinets."
Carpentry,Cool Springs Press,2013,9.78E+12,General,"Beginner,Intermediate,Advanced",,Hand Tools,https://www.amazon.com/HomeSkills-Carpentry-Introduction-Drilling-Shaping/dp/1591865794/ref=sr_1_1?keywords=Carpentry%3A+An+Introduction+To+Sawing%2C+Drilling%2C+Shaping+%26+Joining+Wood&qid=1575491667&sr=8-1,https://www.worldcat.org/title/homeskills-carpentry-an-introduction-to-sawing-drilling-shaping-joining-wood/oclc/854853870&referer=brief_results,This book offers expansive instructions on carpentry for the home.  It covers necessary tools and materials and instructions on crafting your home's skeleton.   
Hybrid drawing techniques for interior design,"Jorge,Paricio",2019,1-138-28066-6,College/University,Advanced,checked,Interior Design,https://www.amazon.com/Hybrid-Drawing-Techniques-Interior-Design/dp/1138280674/ref=sr_1_1?keywords=Hybrid+drawing+techniques+for+interior+design&qid=1569875258&s=gateway&sr=8-1,https://www.worldcat.org/title/hybrid-drawing-techniques-for-interior-design/oclc/967846638&referer=brief_results,"The book comprises detailed and illustrated instructions on interior design using techniques like freehand drawing and digital artwork. Each chapter is arranged thematically focusing on aspects of design such as working with furniture, hard and soft surfaces, light and shadow, floor plans and elevation, and external landscape and architecture. Through specific examples of items, the book provides detailed instructions on applying design software like Photoshop and Sketchbook along with freehand sketching. "
Maker projects for kids who love designing spaces,"Megan,Kopp",2017,978-0-7787-2574-9 0-7787-2574-X 978-0-7787-2580-0 0-7787-2580-4,K-12,Beginner,checked,Interior Design,https://www.amazon.com/Maker-Projects-Kids-Designing-Spaces/dp/0778725804/ref=sr_1_1?keywords=Maker+projects+for+kids+who+love+designing+spaces&qid=1569877328&s=gateway&sr=8-1,https://www.worldcat.org/title/maker-projects-for-kids-who-love-designing-spaces/oclc/959826548&referer=brief_results,"The book has project lessons on items that create space. It allows for an imaginative use of space. It provides a list of items required for each project. It provides lessons to make idea boards, unique furniture with recycled products and model rooms. It provides instructions on how to use colors and space in harmony."
Learning Internet of things : explore and learn about Internet of things with the help of engaging and enlightening tutorials designed for Raspberry Pi,"Peter,Waher",2015,978-1-78355-353-2 1-78355-353-7,General,Advanced,,Internet of Things,https://www.amazon.com/Learning-Internet-Things-Peter-Waher/dp/1783553537/ref=sr_1_3?keywords=Learning+Internet+of+things+Waher&qid=1570043570&s=gateway&sr=8-3,https://www.worldcat.org/title/learning-internet-of-things-explore-and-learn-about-internet-of-things-with-the-help-of-engaging-and-enlightening-tutorials-designed-for-the-raspberry-pi/oclc/1047815312&referer=brief_results,This book is covers a variety of ways to use your Raspberry Pi for Internet of Things projects and includes instructions on multiple protocols including HTTP and CoAP.  The projects assume prior proficiency in Raspberry Pi and are targeted for more experienced Makers.
Smart homes,"John,; Haslam,Max,Wainewright",2019,978-1-5263-0875-7 1-5263-0875-4,K-12,Beginner,checked,Internet of Things,https://www.amazon.com/Scratch-Code-Smart-Homes-Challenge/dp/0778765687/ref=sr_1_1?keywords=smart+homes+wainewright+max&qid=1575245907&sr=8-1,https://www.worldcat.org/title/scratch-code-smart-homes/oclc/1090700944&referer=brief_results,"Using Scratch 3, a free online program for coding, this book explains some of the technologies used in smart home technologies, like cameras, voice control, and alarms using colorful diagrams and step by step projects."
Alexa for Dummies.,"Paul; ProQuest (Firm),TA/TK; McFedries,Dummies",2018,978-1-119-56581-9,General,Beginner,checked,Internet of Things,https://www.amazon.com/Alexa-Dummies-Paul-McFedries/dp/1119565863/ref=sr_1_1?keywords=Alexa+for+Dummies.&qid=1575492538&sr=8-1,https://www.worldcat.org/title/alexa-for-dummies/oclc/1083268734&referer=brief_results,Alexa for Dummies is your guide to understanding and using your Alexa to enhance your home.  It covers the basic functions of Alexa as well as adding to her skills and connecting her to smart home devices.
"Internet of Things (IoT): Technologies, Applications, Challenges, and Solutions","BK Tripathy,J Anuradha",2017,978-1138035003,"College/University,General","Intermediate,Advanced",,"Wearables,Internet of Things",https://www.amazon.com/Internet-Things-IoT-Technologies-Applications/dp/1138035009/ref=sr_1_1?ie=UTF8&qid=1543368706&sr=8-1&keywords=internet+of+things+technologies+applications+challenges+and+solutions,,The text is more of a collection about Wearables and the Internet of Things rather than an instructional text. The book covers a diverse range of technologies and the social implications.
Creating with Laser Cutters and Engravers,Mary-Lane Kamberg,2017,978-1499465044,"College/University,General,Libraries","Beginner,Intermediate",checked,Laser Cutting,https://www.amazon.com/Creating-Cutters-Engravers-Getting-Creative/dp/1499465041/ref=sr_1_11?s=books&ie=UTF8&qid=1543380732&sr=1-11&keywords=Laser+Cutting,,"This text provides readers with an exploratory lens into the general world of the Fab Lab with an in-depth focus on two specific types of machinery: laser cutters and engravers. These machines give users the unique opportunity to create through the removal of material from its source. Included for readers are hands-on tips and tricks for operating laser cutters and engravers, providing a variety of projects for every experience level, all the while connecting these skills to real-world business models and careers. This title tackles the arts and design element of STEAM more than any other Fab Lab machines do."
"The Art of Cutting: Tradition and New Techniques for Paper, Cardboard, Wood, and Other Materials",Jean-Charles Trebbi,2015,978-8415967156,"College/University,General,Libraries","Beginner,Intermediate,Advanced",checked,Laser Cutting,https://www.amazon.com/Art-Cutting-Tradition-Techniques-Cardboard/dp/8415967152/ref=sr_1_12?s=books&ie=UTF8&qid=1543380732&sr=1-12&keywords=Laser+Cutting,,"This book presents a selection of artists who revisit and work with traditional techniques, as well as those who adopt contemporary approaches. From paper to ceramics, food design and architecture, The Art of Cutting offers a stunning and diverse universe that is waiting to be discovered."
Laser Designs and Projects: DIY Projects in Corel Draw to cut out and decorate with a laser,William F Nelson Jr,2018,978-0692140130,"College/University,General","Intermediate,Advanced",checked,Laser Cutting,https://www.amazon.com/Laser-Designs-Projects-decorate-machine/dp/0692140131/ref=sr_1_18?s=books&ie=UTF8&qid=1543380840&sr=1-18&keywords=Laser+Cutting,,Book of projects and designs - very little instruction - for more advanced users or people looking for patterns
Starting a makerspace,"Pamela,Williams",2017,978-1-63472-192-9 1-63472-192-6 978-1-63472-324-4 1-63472-324-4,"K-12,Libraries",Beginner,,Makerspaces - Operating,https://www.amazon.com/Starting-Makerspace-Century-Innovation-Library/dp/1634723244/ref=sr_1_1?keywords=Starting+a+makerspace&qid=1572883194&sr=8-1,https://www.worldcat.org/title/starting-a-makerspace/oclc/967683126&referer=brief_results,"This childrens book covers all the questions your junior makers may be asking: What is a maker?  What is a makerspace? How does a makerspace work?  Including pictures and large print, this book serves to inspire the next generation of makers. "
Maker-centered learning : empowering young people to shape their worlds,"Shari,; Tishman,Jennifer Oxman,; Ryan,Jessica,; Ross,Edward P.,Clapp",2017,978-1-119-25970-1 1-119-25970-3,"Libraries,K-12,College/University",,,Makerspaces - Operating,https://www.amazon.com/Maker-Centered-Learning-Empowering-People-Worlds/dp/1119259703/ref=sr_1_1?keywords=Maker-centered+learning+%3A+empowering+young+people+to+shape+their+worlds&qid=1572277104&sr=8-1,https://www.amazon.com/Maker-Centered-Learning-Empowering-People-Worlds/dp/1119259703/ref=sr_1_1?keywords=Maker-centered+learning+%3A+empowering+young+people+to+shape+their+worlds&qid=1572277104&sr=8-1,"This book is dedicated  to answering the leading questions faced by Makers and those who wish to spread knowledge of making, and would be of interest to anyone running or teaching through makerspaces.  The author discusses the ideas leaders and educators in making have about how maker-centered education is shaping the world, under what conditions does maker centered-learning work optimally, and what are the best ways to implement maker centered learning to foster empowerment and deeper thought about the world we live in."
Makerspaces : a practical guide for librarians,"Ellyssa,John; Kroski,Burke",2018,978-1-5381-0818-5 1-5381-0818-6,"College/University,Libraries",,,Makerspaces - Operating,https://www.amazon.com/Makerspaces-Practical-Guide-Librarians-Guides/dp/1538108186/ref=sr_1_1?keywords=Makerspaces+%3A+a+practical+guide+for+librarians&qid=1570114084&s=gateway&sr=8-1,https://www.worldcat.org/title/makerspaces-a-practical-guide-for-librarians/oclc/1053841142&referer=brief_results,"The book provides guidance, information and resources for librarians to create their makerspaces. The book provides information on technologies, equipments and case studies so that librarians can estimate their own projects and create their own makerspaces. At the end of each chapter, there is a list of references which indicates other texts that the reader can consult. The illustrations provide vivid portrayal of tool and practices. A list of grant and funding sources is included for creating makerspaces.  "
Organizing a makerfest,"Kristin,Fontichiaro",2017,978-1-63472-190-5 1-63472-190-X 978-1-63472-322-0 1-63472-322-8,K-12,Intermediate,,Makerspaces - Operating,https://www.amazon.com/Organizing-Makerfest-Makers-as-Innovators/dp/1634723228,https://www.worldcat.org/title/organizing-a-makerfest/oclc/967683438&referer=brief_results,"This book is meant to inform children about what Makerfests are and how they can help organize and run a Makerfest with the help of trusted adults.  It includes setting up, finding volunteers to help run maker stations and more."
The Makerspace Librarian's Sourcebook,Allyssa Kroski,2017,978-0838915042,Libraries,Beginner,,"Makerspaces (General),Makerspaces - Operating",https://www.amazon.com/Makerspace-Librarians-Sourcebook-Ellyssa-Kroski/dp/0838915043/ref=sr_1_1?keywords=The+Makerspace+Librarian%27s+Sourcebook&qid=1572882714&sr=8-1,https://www.worldcat.org/title/makerspace-librarians-sourcebook/oclc/1018399356&referer=brief_results,"This book is your go-to guide for starting and running a makerspace in your library.  It includes starter kits and estimated cost for your maker spaces goals (including focus and target users), guides to interactive forms of learning, and how to run your space safely. It then covers the skills makerspace librarians should be familiar with, like Raspberry Pi, 3D Printing, and Robotics."
Makerspaces : top trailblazing projects,"Caitlin A.,Bagley",2014,"978-1-55570-990-7 (paper), 978-1-55570-991-4 (PDF),  978-1-55570-992-1 (ePub),  978-1-55570-993-8 (Kindle)","College/University,Libraries",Advanced,,"Making Scholarship,Makerspaces - Operating",https://www.amazon.com/Makerspaces-Trailblazing-Projects-LITA-Guide-ebook/dp/B00JLQTIHK/ref=sr_1_1?keywords=Makerspaces+%3A+top+trailblazing+projects&qid=1569877251&s=gateway&sr=8-1,https://www.worldcat.org/title/makerspaces-top-trailblazing-projects/oclc/937883152&referer=brief_results,The book provides information on Makerspace and its different uses and applications. It then provides a detailed description and analysis of some of the most successful makerspace projects at both academic and public libraries. It provides useful information which readers can apply to their own institutions.
"3D printing for artists, designers and makers","Stephen,Hoskins",2018,1-4742-4867-5,"Libraries,College/University",Intermediate,,Making Scholarship,https://www.amazon.com/s?k=3D+printing+for+artists%2C+designers+and+makers&ref=nb_sb_noss,https://www.worldcat.org/title/3d-printing-for-artists-designers-and-makers/oclc/1120132360&referer=brief_results,This book dives into the applications of 3D printing and analyzes how people have adapted this technology to enhance their fields of art.  This book is perfect for anyone interested in learning about the implications of 3D printing on how products are being made and how artisans are adapting.
"The Art of Cardboard: Big Ideas for Creativity, Collaboration, Storytelling, and Reuse",Lori Zimmer,2015,978-1631590276,"K-12,College/University,General","Beginner,Intermediate",checked,Paper Crafts,https://www.amazon.com/Art-Cardboard-Creativity-Collaboration-Storytelling/dp/1631590278/ref=pd_sim_14_11?_encoding=UTF8&pd_rd_i=1631590278&pd_rd_r=dfeda8d0-f2ca-11e8-bd66-f7675945ae46&pd_rd_w=1JeJE&pd_rd_wg=MR1X3&pf_rd_i=desktop-dp-sims&pf_rd_m=ATVPDKIKX0DER&pf_rd_p=18bb0b78-4200-49b9-ac91-f141d61a1780&pf_rd_r=23AY9252X85P0YXCW6PG&pf_rd_s=desktop-dp-sims&pf_rd_t=40701&psc=1&refRID=23AY9252X85P0YXCW6PG,,Discusses how artists have used cardboard to do complex paper crafts while also showing introductory crafts that new users can master. Nice pairing of projects and applications
"Paper Craft: 50 Projects Including Card Making, Gift Wrapping, Scrapbooking, and Beautiful Paper Flowers",,2015,978-1-4654-4965-8,General,"Beginner,Intermediate",,Paper Crafts,https://www.amazon.com/Paper-Craft-Including-Scrapbooking-Beautiful/dp/1465439439/ref=sr_1_1?keywords=Paper+Craft%3A+50+Projects+Including+Card+Making%2C+Gift+Wrapping%2C+Scrapbooking%2C+and+Beautiful+Paper+Flowers&qid=1573574407&sr=8-1,https://www.worldcat.org/title/paper-craft-50-projects-including-card-making-gift-wrapping-scrapbooking-and-beautiful-paper-flowers/oclc/945404875&referer=brief_results,"After a brief introduction of the materials and equipment you need, this book dives right in to a variety of paper projects, including three different kinds of gift boxes, quilled earrings, twelve floral projects, and more.  Each project includes a list of necessary materials and tools as well as step by step instructions and images to make following along a breeze."
Holiday Paper Crafts: Create Over 25 Beautifully Designed Holiday Craft Decorations for Your Home,"Larimer Craft &,Design",2017,978-1-68188-260-4,General,Advanced,checked,Paper Crafts,https://www.amazon.com/Holiday-Paper-Crafts-Beautifully-Decorations/dp/1681882604/ref=sr_1_1?keywords=Holiday+Paper+Crafts%3A+Create+Over+25+Beautifully+Designed+Holiday+Craft+Decorations+for+Your+Home&qid=1575301946&sr=8-1,https://www.worldcat.org/title/holiday-paper-crafts-25-beautifully-designed-crafts/oclc/975087270&referer=brief_results,"This festive book is full of crafts for decorations sure to get you in the holiday spirit.  You will find intractions to make  paper lanterns, paper ornaments, a paper holiday village, and more.  The skills developed in this book include paper cutting, kirigami and origami."
Paper Crafts: A Maker's Guide,"Victoria & Albert,Rob; Museum,Ryan",2018,978-0-500-29418-5,General,"Beginner,Intermediate",checked,Paper Crafts,https://www.amazon.com/Paper-Crafts-Victoria-Albert-Museum/dp/0500294186/ref=sr_1_3?keywords=Paper+Crafts%3A+A+Maker%27s+Guide&qid=1572463275&sr=8-3,https://www.worldcat.org/title/paper-crafts-a-makers-guide/oclc/1063695003&referer=brief_results,"Paper crafts: a makers guide begins with an overview of various paper styles, sizes, and widths, as well as tools needed for paper crafting.  It then moves on to explore 4 techniques: folding, cutting, sticking, and forming.  Each section starts with an explanation of the history of the technique and includes projects utilizing that technique. There are also plenty of photographs to help you along the way.  Some projects delineated in this book include making a bag out of paper, a paper silhouette, and an origami vase.  "
Better living through origami : 20 creative paper projects for a beautiful home,"Inc.,; OverDrive,Kenneth,; Veenenbos,Nellianna,Van den Baard",2018,"	9781446376683 1446376680",General,"Beginner,Intermediate,Advanced",checked,Paper Crafts,https://www.amazon.com/Better-Living-Through-Origami-Beautiful/dp/1446307123/ref=sr_1_1?keywords=Better+living+through+origami+%3A+20+creative+paper+projects+for+a+beautiful+home&qid=1572463464&sr=8-1,https://www.worldcat.org/title/better-living-through-origami-20-creative-paper-projects-for-a-beautiful-home/oclc/1055266998&referer=brief_results,"If you have been looking for a way to breathe creativity into your home decor, here is your answer.  It boasts 20 paper projects integrating elements of origami and general crafting, ranging in difficulty and complexity, easy to follow diagrams, instructions, and photographs."
"Craft the rainbow : 40 colorful paper projects from ""The house that Lars built""","Chaunte,; Vaugh,Darcy,; Miller,Brittany Watson,Jepsen",2018,978-1-4197-2900-3 1-4197-2900-4,General,Intermediate,checked,Paper Crafts,"https://www.amazon.com/s?k=Craft+the+rainbow+%3A+40+colorful+paper+projects+from+""The+house+that+Lars+built""&ref=nb_sb_noss",https://www.worldcat.org/title/craft-the-rainbow-40-colorful-paper-projects-from-the-house-that-lars-built/oclc/1000583372&referer=brief_results,"This beautifully designed book includes step by step instructions in numerous paper crafts, including but not limited to floral wreaths, shoe clips,  a curtain tassels, tissue paper rugs, and more.  The main focus of this book is the celebration of each color of the rainbow through the crafts included.  The techniques range from simple folding and glueing to more complex projects, paper crafters seasoned and novice can enjoy the crafts offered in this book."
Paper crafts,"Annalees.,Lim",2014,978-1-4824-0211-7 1-4824-0211-4 978-1-4824-0213-1 1-4824-0213-0 978-1-4824-0214-8 1-4824-0214-9,K-12,Beginner,checked,Paper Crafts,https://www.amazon.com/Paper-Crafts-Craft-Attack-Annalees/dp/1482402130/ref=sr_1_2?keywords=Paper+crafts+by+annalees+lim&qid=1570113460&s=gateway&sr=8-2,https://www.worldcat.org/title/paper-crafts/oclc/849822431&referer=brief_results,The book provides detailed illustrated instructions on 13 different types of paper crafts projects. It gives information on the toolkit or materials required to accomplish each task and a step-by-step guide for each project. It includes projects like making colorful stationary and pop-up paintings and other assorted decorations.
Cut and fold paper textures : techniques for surface design,"Paul,Jackson",2017,1-78067-861-4,"K-12,General",Beginner,checked,Paper Crafts,https://www.amazon.com/Cut-Fold-Paper-Textures-Techniques/dp/1780678614/ref=sr_1_1?keywords=Cut+and+fold+paper+textures+%3A+techniques+for+surface+design&qid=1569856356&s=gateway&sr=8-1,https://www.worldcat.org/title/cut-and-fold-paper-textures-techniques-for-surface-design/oclc/1034634727&referer=brief_results,This book outlines a unique kind of paper craft: textures. It covers 12 texture styles that range in level of difficulty. It includes tips for teachers in implementing these textures as art projects for students.
Food photography : a beginner's guide to creating appetizing images,"Corinna,Gissemann",2016,1-68198-101-7,General,Intermediate,,Photography & Video,https://www.amazon.com/Food-Photography-Beginners-Guide-Creating-Appetizing/dp/1681981017/ref=sr_1_1?keywords=Food+Photography%3A+A+Beginner%27s+Guide+to+Creating+Appetizing+Images&qid=1570465667&sr=8-1,https://www.worldcat.org/title/food-photography-a-beginners-guide-to-creating-appetizing-images/oclc/951124639&referer=brief_results,"Food photography : a beginners guide to creating appetizing images covers the basics like choosing your camera and using the right settings.  It also teaches you more advanced aspects of food photography, like staging, angles, props, and editing your pictures.  This book is for those who want to show off their food with high quality photos."
"The art, science, and craft of great landscape photography","Glenn,Randall",2015,1-4571-8902-X,General,Intermediate,,Photography & Video,https://www.amazon.com/Science-Craft-Great-Landscape-Photography/dp/1937538478/ref=sr_1_1?keywords=The+art%2C+science%2C+and+craft+of+great+landscape+photography&qid=1570467444&sr=8-1,https://www.worldcat.org/title/art-science-and-craft-of-great-landscape-photography/oclc/942537414&referer=brief_results,"The art, science, and craft of great landscape photography explores the techniques and concepts one needs to understand to create riveting images of the natural world.  It assumes prior knowledge about basic photography and the use of a DSLR camera."
"Creative nightscapes and time-lapses : your complete guide to conceptualizing, planning and creating composite nightscapes and time-lapses","Michael C.,Shaw",2019,1-315-18064-2,General,Beginner,,Photography & Video,https://www.amazon.com/Creative-Nightscapes-Time-Lapses-Conceptualizing-Composite/dp/1138745456/ref=sr_1_1?keywords=Creative+nightscapes+and+time-lapses+%3A+your+complete+guide+to+conceptualizing%2C+planning+and+creating+composite+nightscapes+and+time-lapses&qid=1570468318&sr=8-1,https://www.worldcat.org/title/creative-nightscapes-and-time-lapses-your-complete-guide-to-conceptualizing-planning-and-creating-composite-nightscapes-and-time-lapses/oclc/1062395513&referer=brief_results,"This book covers how to take and edit photos of the night sky. It discusses techniques for capturing all kinds of phenomena in the night sky: constellations, eclipses, satellites, etc and it outlines both single image compositions and time lapse videos."
Color correction handbook : professional techniques for video and cinema,"Alexis,Van Hurkman",2014,0321929667 (pbk.),General,"Intermediate,Advanced",,Photography & Video,https://www.amazon.com/Color-Correction-Handbook-Professional-Techniques/dp/0321929667/ref=sr_1_1?keywords=Color+correction+handbook+%3A+professional+techniques+for+video+and+cinema&qid=1572275239&sr=8-1,https://www.worldcat.org/title/color-correction-handbook-professional-techniques-for-video-and-cinema-2nd-edition/oclc/896863709&referer=brief_results,"Despite being designed for professional colorists color correcting video for a living, the information shared in this book can be used by anyone who wants to enhance their video editing through purposeful and powerful color correction.  It is an intensive overveiw o fthe skills necessary to master color correction for cinema and contains detailed explanations of a number of processes, including how to set up your camera settings and shots for color correction and  adjusting contrast, colors, curves, shapes, and more."
"Photoshop Elements 2018 Tips, Tricks & Shortcuts in Easy Steps","Nick,Vandome",2018,1-84078-803-8,General,Beginner,,Photography & Video,https://www.amazon.com/Photoshop-Elements-Tricks-Shortcuts-steps/dp/1840788038/ref=sr_1_1?keywords=Photoshop+Elements+2018+Tips%2C+Tricks+%26+Shortcuts+in+Easy+Steps&qid=1571082055&sr=8-1,https://www.worldcat.org/title/photoshop-elements-2018-tips-tricks-shortcuts-for-windows-and-mac/oclc/1035516524&referer=brief_results,"Designed for a beginner to photoshop, this book contains tips and tricks that would be useful to even a seasoned photoshop user.  It includes instructions and tricks regarding color editing, layers, and more."
Photoshop elements 2018,"Ted,Barbara; Padova,Obermeier",2018,1-119-41809-7,General,Beginner,,Photography & Video,https://www.amazon.com/Photoshop-Elements-2018-Dummies-Computer/dp/1119418089/ref=sr_1_2?keywords=photoshop+elements+2018+book&qid=1571321987&sr=8-2,https://www.worldcat.org/title/photoshop-elements-2018/oclc/1006502644&referer=brief_results,"This book is perfect for a complete beginner to photoshop and can even be used by more seasoned photo editors to learn shortcuts and new operations you can perform in Photoshop Elements.  It covers basic skills like launching the program and saving photos before diving into more complex tasks.  These include working with layers, color correction, painting with Photoshop, and more."
"Developing professional iPhone photography : using Photoshop, Lightroom, and other iOS and desktop apps to create and edit photos","Rafiq,Elmansy",2018,1-4842-3186-4,General,"Beginner,Advanced,Intermediate",checked,Photography & Video,https://www.amazon.com/Developing-Professional-iPhone-Photography-Photoshop/dp/1484231856/ref=sr_1_1?keywords=Developing+Professional+iPhone+Photography%3A+Using+Photoshop%2C+Lightroom%2C+and+other+iOS+and+Desktop+Apps+to+Create+and+Edit+Photos&qid=1571673091&sr=8-1,https://www.worldcat.org/title/developing-professional-iphone-photography-using-photoshop-lightroom-and-other-ios-and-desktop-apps-to-create-and-edit-photos/oclc/1017098715&referer=brief_results,"For those seasoned in DSLR photography and those who have only ever used their phone's camera, this book will provide tips in how to take your iPhone camera skills to the next level.  It explores basic and advanced photography techniques, from color correction to double exposure.  It suggests IOS apps and specific functions that can enhance your photography even further."
"Understanding design in film production : using art, light & locations to tell your story","Barbara Freedman,Doyle",2019,1-138-05869-6,General,"Intermediate,Beginner,Advanced",,Photography & Video,https://www.amazon.com/Understanding-Design-Film-Production-Locations/dp/1138058696/ref=sr_1_1?keywords=Understanding+design+in+film+production+%3A+using+art%2C+light+%26+locations+to+tell+your+story&qid=1571673571&sr=8-1,https://www.worldcat.org/title/understanding-design-in-film-production-using-art-light-locations-to-tell-your-story/oclc/1088892424&referer=brief_results,"Understanding design in film production is for anyone interested in beginning their journey in filmmaking and film production.  Including examples from famous films, it leads you through the process of preparing for your films success, including exploring themes, intentional use of colors, finding or constructing your perfect setting, and more. "
Mastering Adobe Premier Pro CS6 Hotshot : take your video editing skills to new and exciting levels with eight fantastic projects,"Paul.,Ekert",2013,,General,Beginner,checked,Photography & Video,https://www.amazon.com/Mastering-Adobe-Premiere-Pro-Hotshot/dp/1849694788/ref=sr_1_fkmr0_1?keywords=Mastering+Adobe+Premier+Pro+CS6+Hotshot+%3A+take+your+video+editing+skills+to+new+and+exciting+levels+with+eight+fantastic+projects&qid=1571940446&sr=8-1-fkmr0,https://www.worldcat.org/title/mastering-adobe-premier-pro-cs6-hotshot/oclc/1105798795&referer=brief_results,"Straight forward and easy to follow, this book will guide you through video projects designed to teach you tips and techniques on the popular video editing software, Premiere Pro CS6.  Some of the skills the projects focus on include video and audio correction, visual effects, editing techniques for specific kinds of videos, like documentaries and video montages."
Digital SLR video and filmmaking for dummies,"John,Carucci",2013,1-118-36598-4,General,Beginner,,Photography & Video,https://www.amazon.com/Digital-SLR-Video-Filmmaking-Dummies/dp/1118365984/ref=sr_1_3?keywords=Digital+SLR+video+and+filmmaking+for+dummies&qid=1571941215&sr=8-3,https://www.worldcat.org/title/digital-slr-video-filmmaking-for-dummies/oclc/916522117&referer=brief_results,"Divided into 5 distinct sections, this book covers DSLR video techniques, audio capture techniques, editing, and the business side of filmmaking.  The last section is dedicated to 10 ways to improve your filmmaking, including techniques you could use for specific occasions, such as a documentary or wedding."
I'm an app developer,"Max,Wainewright",2018,978-1-5263-0107-9 1-5263-0107-5,K-12,Beginner,checked,Programming,https://www.amazon.com/Im-App-Developer-Programs-Generation/dp/0778735281/ref=sr_1_1?keywords=I%27m+an+app+developer&qid=1573770757&s=books&sr=1-1,https://www.worldcat.org/title/im-an-app-developer/oclc/1035213454&referer=brief_results,"In this book you will learn how to make apps with the App Inventor from Google.  The unctions require an Android device or Android emulator, which can be downloaded onto a computer.  The book teaches basic coding inputs and guides you through the steps of designing 6 simple app projects like a translator and a photo painter. The book also offers advice for sharing your app with your loved ones."
Girls who code : learn to code and change the world,"Andrea,Reshma; Tsurumi,Saujani",2017,0-425-28753-X,"General,K-12",Beginner,,Programming,https://www.amazon.com/Girls-Who-Code-Learn-Change/dp/042528753X/ref=sr_1_1?keywords=Girls+who+code+%3A+learn+to+code+and+change+the+world&qid=1573573933&sr=8-1,https://www.worldcat.org/title/girls-who-code-learn-to-code-and-change-the-world/oclc/1019882943&referer=brief_results,"This book is dedicated to empowering girls and women to code, but it can be used by anyone who wishes to develop coding skills.  It is simple and accessible, with illustrations and easy to follow explanations of coding. It also includes stories with five girls who have created websites, games and more by learning to code."
Python all-in-one,"Alan,John C.; Simpson,Shovic",2019,1-119-55759-3,General,"Beginner,Intermediate",,Programming,https://www.amazon.com/Python-All-One-Dummies-Shovic/dp/1119557593/ref=sr_1_1?keywords=Python+all-in-one&qid=1575492272&sr=8-1,https://www.worldcat.org/title/python-all-in-one/oclc/1122746992&referer=brief_results,"This easy-to-read book is a great introduction to the Python coding language and covers many of the skills you will need to use Python, like entering commends, sidestepping errors, and managing your python files.  It also dives into artificial intelligence and robotics, two important applications of python."
Programming the Raspberry Pi : getting started with Python,"Simon,Monk",2016,1-259-58740-1,,,,"Raspberry Pi's,Programming",,,
Maker projects for kids who love electronics,"Megan,Kopp",2017,978-1-4271-1763-2 1-4271-1763-2,K-12,Beginner,checked,"Programming,Robotics",https://www.amazon.com/Maker-Projects-Kids-Love-Electronics/dp/0778725758/ref=sr_1_1?keywords=Maker+projects+for+kids+who+love+electronics&qid=1573771413&s=books&sr=1-1,https://www.worldcat.org/title/maker-projects-for-kids-who-love-electronics/oclc/951415891&referer=brief_results,"This book includes electronics information covering circuits, diodes, breadboards and more.  It includes three projects: Squishy Circuits, Electronic Circuits, and a Three-Penny Radio.  Each project includes a materials list, detailed instructions, and pictures of each step.  At the end of each project it also suggests ways to use your new skills in other projects."
Home robotics : Maker-Inspired Projects For Building Your Own Robots,"Daniel,Knox",2018,978-1781317006,General,"Beginner,Intermediate",checked,"Robotics,Programming",https://www.amazon.com/Home-Robotics-Maker-Inspired-Projects-Building/dp/1781317003/ref=sr_1_1?keywords=Home+robotics+%3A+Maker-Inspired+Projects+For+Building+Your+Own+Robots&qid=1575759594&sr=8-1,https://www.worldcat.org/title/home-robotics-maker-inspired-projects-for-building-your-own-robots/oclc/1018490095&referer=brief_results,"This book is a treasure trove of robotics projects.  It aims to build your robotics skills as you progress through each set of projects, starting with basic projects and moving to simple robots before finishing with ""smart makes"" or more complicated robots.  Projects include lists of materials and tools you need, as well as detailed instructions and pictures for each step to guide you through the process."
Make: Getting Started with Raspberry Pi,"Matt Richardson,Shawn P. Wallace",2016,9.78E+12,,,,Raspberry Pi's,,http://www.worldcat.org/oclc/967651253,3rd edition. 
Advanced Raspberry Pi: Raspbian Linux and GPIO Integration,"Warren,Gay",2018,978-1-4842-3948-3,General,"Intermediate,Advanced",,Raspberry Pi's,https://www.amazon.com/Advanced-Raspberry-Pi-Raspbian-Integration/dp/1484239474/ref=sr_1_3?keywords=Advanced+Raspberry+Pi%3A+Raspbian+Linux+and+GPIO+Integration&qid=1570651464&sr=8-3,https://www.worldcat.org/title/advanced-raspberry-pi-raspbian-linux-and-gpio-integration/oclc/1117843596&referer=brief_results,"Advanced Raspberry Pi: Raspbian Linux and GPIO Integration introduces you to Raspberry Pi and provides detailed explanations of the functions of your Raspberry Pi, simple and advanced."
Beginning robotics with Raspberry Pi and Arduino : using Python and OpenCV,"Jeff,Cicolani",2018,10.1007/978-1-4842-3462-4 doi,General,Beginner,checked,"Raspberry Pi's,Robotics",https://www.amazon.com/Beginning-Robotics-Raspberry-Pi-Arduino/dp/1484234618/ref=sr_1_1?keywords=Beginning+robotics+with+Raspberry+Pi+and+Arduino+%3A+using+Python+and+OpenCV&qid=1570651362&sr=8-1,https://www.worldcat.org/title/beginning-robotics-with-raspberry-pi-and-arduino-using-python-and-opencv/oclc/1016924863&referer=brief_results,"Beginning robotics with Raspberry Pi and Arduino : using Python and OpenCV is intended for beginners to robotics who would like to start their robotics journey.  It covers the basics of robotics, assembly, soldering.  It also introduces you to two coding languages. "
Build your own robots,"Rob,Ives",2018,978-1-912108-58-9 1-912108-58-5,K-12,Beginner,checked,Robotics,https://www.amazon.com/Build-Your-Robots-Makerspace-Models-ebook/dp/B076DSW1P9/ref=sr_1_1?keywords=Build+your+own+robots+Ives&qid=1573770087&s=books&sr=1-1,https://www.worldcat.org/title/build-your-own-robots/oclc/1063611454&referer=brief_results,"This book is perfect for a junior beginner to robotics who needs some fun projects to learn the basics.  It includes projects like a ""Terminator Hand"" made of straws and popsicle sticks, and  a ""Tightrope Trickster"" made of a cork and cardboard. The projects are made from household items and do require knowledge of coding or soldering.  There are plenty of pictures along with the step by step written instructions to follow."
BeagleBone Robotic Projects.,"Richard,Grimmett",2013,1-306-28021-4,General,"Intermediate,Beginner",checked,Robotics,https://www.amazon.com/BeagleBone-Robotic-Projects-Richard-Grimmett/dp/1783559322/ref=sr_1_2?keywords=BeagleBone+Robotic+Projects.&qid=1570650412&sr=8-2,https://www.worldcat.org/title/beaglebone-robotic-projects-create-complex-and-exciting-robotic-projects-with-the-beaglebone-blue/oclc/990752523&referer=brief_results,"Each chapter of this book guides you through a project aimed to get you comfortable with the BeagleBone board.  As you progress through the chapters you learn more advanced skills with the BeagleBone, like connecting a remote control and a GPS.  These projects will help you build some of the skills necessary to create whatever your heart desires with BeagleBone."
Electronics Projects for Beginners,"Tammy,Enz",2018,9781474751902 1474751903,General,Beginner,checked,Robotics,https://www.amazon.com/Electronics-Projects-Beginners-Dabble-Hands/dp/1474751903/ref=sr_1_1?keywords=Electronics+Projects+for+Beginners+enz&qid=1574640744&sr=8-1,https://www.worldcat.org/title/electronics-projects-for-beginners/oclc/1108046952&referer=brief_results,"This book is a catalog of electronic projects perfect for a novice looking to learn more about how electronics work.  Some of examples of projects you will find in this book are a light up greeting card, a miniature fan, and a buzzer game.  All of the projects include step by step instructions and a detailed materials list."
I can make remarkable robots,"Amy,; Barth,Kristina,Holzweiss",2018,978-0-531-23410-5 0-531-23410-X 978-0-531-23879-0 0-531-23879-2,K-12,Beginner,checked,Robotics,,,"This fun and colorful book contains 3 projects to teach your child the basics of robotics.  Each project includes a materials list, background information, and step by step instructions and pictures to guide you and your child to the finished product."
Electronic Projects to Build On,"Tammy,Enz",2019,1474775403,General,Beginner,checked,"Soldering,Robotics",https://www.amazon.com/Electronics-Projects-Build-Dabble-Lab/dp/1474775403/ref=sr_1_1?keywords=Electronic+Projects+to+Build+On+enz&qid=1574641230&sr=8-1,https://www.worldcat.org/title/electronics-projects-to-build-on/oclc/1084302111&referer=brief_results,"This book is a great source of projects to begin developing skills in LED lighting, circuits, breadboards, and tilt switches.  Each subject is a multistep project designed to break up the skills to be more easily absorbed.  The pages also contain colorful pictures and graphics to help guide you through the projects."
"The crafty kid's guide to DIY electronics : 20 fun projects for makers, crafters, and everyone in between","Helen,Leigh",2019,978-1-260-14283-9 1-260-14283-3,"General,K-12","Intermediate,Beginner",checked,"Wearables,Robotics",https://www.amazon.com/Crafty-Kids-Guide-DIY-Electronics/dp/1260142833/ref=sr_1_1?keywords=The+crafty+kid%27s+guide+to+DIY+electronics+%3A+20+fun+projects+for+makers%2C+crafters%2C+and+everyone+in+between&qid=1575247486&sr=8-1,https://www.worldcat.org/title/crafty-kids-guide-to-diy-electronics-20-fun-projects-for-makers-crafters-and-everyone-in-between/oclc/1084952164&referer=brief_results,"Crafty kids guide contains multiple projects designed to build skills in paper circuits, soft circuits, wearables, and robotics.  Each project begins with an overview of materials and helpful background knowledge.  It then explains how to complete each step with pictures to help."
Knitwear Design,Carol Brown,2013,978-1780670584,"College/University,General","Beginner,Intermediate",,Sewing,https://www.amazon.com/Knitwear-Design-Carol-Brown/dp/1780670583/ref=pd_sim_14_4?_encoding=UTF8&pd_rd_i=1780670583&pd_rd_r=8daddcc2-f2c9-11e8-a029-3b664630e258&pd_rd_w=QLTK9&pd_rd_wg=b7EIQ&pf_rd_i=desktop-dp-sims&pf_rd_m=ATVPDKIKX0DER&pf_rd_p=18bb0b78-4200-49b9-ac91-f141d61a1780&pf_rd_r=T1HXS3N5X9ESSMWG0ZDV&pf_rd_s=desktop-dp-sims&pf_rd_t=40701&psc=1&refRID=T1HXS3N5X9ESSMWG0ZDV,,"Packed with diagrams, knitwear samples and images from a wide range of contemporary designers, the book offers a practical approach to designing garments from initial research, finding sources of inspiration and developing the design, through an exploration of color, texture, and knitting techniques to constructing a garment and creating and writing a pattern. Knitwear Design also showcases the techniques that are transforming knitted textiles, such as heat treatments and painting and printing knit, and profiles the fusing of knitting, art, and craft."
"Creating the character costume : tools, tips, and talks with top costumers and cosplayers","Cheralyn; ProQuest (Firm),Lambeth",2017,1-138-81611-6,General,Beginner,,Sewing,https://www.amazon.com/Creating-Character-Costume-Costumers-Cosplayers/dp/1138472921/ref=sr_1_1?keywords=Creating+the+character+costume+%3A+tools%2C+tips%2C+and+talks+with+top+costumers+and+cosplayers&qid=1570650158&sr=8-1,https://www.worldcat.org/title/creating-the-character-costume-tools-tips-and-talks-with-top-costumers-and-cosplayers/oclc/1019620569&referer=brief_results,"Whether you want to design an  unforgettable halloween costume or you are designing a character costume for a play or convention, ""Creating the character costume : tools, tips, and talks with top costumers and cosplayers"" is here to help.  It walks you through the thought processes every costume designer must go through: what kind of fabric should you use, how will you fit your costume to the model, how long does your costume need to last.  It includes tips from costumers to help you make your costume goals a reality."
Sewing,"Stephanie,Turnbull",2016,978-1-62588-375-9 1-62588-375-7,K-12,Beginner,checked,Sewing,https://www.amazon.com/Sewing-Try-This-Stephanie-Turnbull/dp/1625883757/ref=sr_1_1?keywords=sewing+turnbull&qid=1571174703&sr=8-1,worldcat.org/title/sewing/oclc/910531136&referer=brief_results,This easy-to-read book features colorful illustrations and clear instructions teaching basic sewing. It also includes 7 projects perfect to complete in a classroom or at home.
Embroidery,"Lucinda,Ganderton",2015,978-1-4654-3603-0 1-4654-3603-0,General,"Beginner,Advanced,Intermediate",,Sewing,https://www.amazon.com/Embroidery-Step-Step-Guide-Stiches/dp/1465436030/ref=sr_1_1?keywords=embroidery+lucinda+ganderton&qid=1571939665&sr=8-1,https://www.worldcat.org/title/embroidery-a-step-by-step-guide-to-more-than-200-stitches/oclc/972361579&referer=brief_results,This book starts by introducing the tools you will need to create beautiful embroidery.  It follows with illustrated instructions of over 200 stitches. There is a photo index to quickly identify and locate a stitch you'd like to learn.
Girl with a sewing machine : the no-fuss guide to making and adapting your own clothes,"Jenniffer,Taylor",2017,978-1-78221-456-4 1-78221-456-9,General,"Intermediate,Beginner,Advanced",checked,Sewing,https://www.amazon.com/Girl-Sewing-Machine-no-fuss-adapting/dp/1782214569/ref=sr_1_3?keywords=Girl+with+a+sewing+machine+%3A+the+no-fuss+guide+to+making+and+adapting+your+own+clothes&qid=1570113579&s=gateway&sr=8-3,https://www.worldcat.org/title/girl-with-a-sewing-machine-the-no-fuss-guide-to-making-and-adapting-your-own-clothes/oclc/1003724092&referer=brief_results,"The book provides detailed and illustrated instruction on sewing and making one's own clothes. It begins with an overview and detailed list of things that are required for tailoring, such as a sewing kit and fabricology. It includes basic projects like vintage pincushions, scarf tops etc. It advances to somewhat intermediate level projects like customizing clothes with doily details, embroidery, block printing etc. It then provides instructions on making clothes from scratch including how to make dresses, skirts, tops and trousers."
Tapestry weaving,"Kirsten.,Glasbrook",2016,978-1-78221-204-1 1-78221-204-3,General,Advanced,,Sewing,https://www.amazon.com/Tapestry-Weaving-Search-Press-Classics/dp/1782212043/ref=sr_1_1?keywords=Tapestry+weaving&qid=1570113639&s=gateway&sr=8-1,https://www.worldcat.org/title/tapestry-weaving/oclc/991529810&referer=brief_results,"The book gives detailed project instructions on tapestry weaving. It provides instructions on basic techniques like wefts, warps, hatching and slits. Along with the instructions, there is a gallery of ideas and designs to practice from. The book also provides instructions on mounting and framing. "
Sew Electric,"Leah Buechley,Kanjun Qiu",2014,978-0989795609,"K-12,College/University,General,Libraries","Beginner,Intermediate",checked,"Wearables,Sewing",https://www.amazon.com/Sew-Electric-Leah-Buechley/dp/0989795608,,"Sew Electric is a set of hands-on LilyPad Arduino tutorials that bring together craft, electronics, and programming. The book walks you through the process of designing and making a series of quirky customizable projects including a sparkling bracelet, a glow in the dark bookmark, a fabric piano, and a monster that sings when you hold its hands. Play with cutting-edge technologies and learn sewing, programming, and circuit design along the way. It’s a book for all ages."
Soldering,"John,; Willis,David Erik,Nelson",2014,9781510520271 1510520279,K-12,Beginner,checked,Soldering,https://www.amazon.com/Soldering-Century-Skills-Innovation-Library/dp/1631377949/ref=sr_1_1?keywords=Soldering+Nelson&qid=1575759078&sr=8-1,https://www.worldcat.org/title/soldering/oclc/1090415812&referer=brief_results,"This book is a great introduction for a junior maker curious about soldering.  It includes chapters about what soldering is, what you use to solder, techniques used in soldering, and finishes with a project making an LED flashlight."
The art of soldering for jewelry makers : techniques and projects,"Wing Mun,Devenney",2013,978-1-4380-0263-7 1-4380-0263-7,General,"Beginner,Intermediate",checked,Soldering,https://www.amazon.com/Art-Soldering-Jewelry-Makers-Techniques/dp/1438002637/ref=sr_1_1?keywords=The+art+of+soldering+for+jewelry+makers+%3A+techniques+and+projects&qid=1575301417&sr=8-1,https://www.worldcat.org/title/art-of-soldering-for-jewellery-makers-techniques-and-projects/oclc/861725457&referer=brief_results,"This book, aimed at people interested in making unique jewelry using soldering,  explains soldering materials, tools, techniques, and safety before diving into more complex projects like cufflinks, bangles, and brooches."
Wearable Technology in Medicine and Health Care,Raymond Tong,2018,978-0128118108,"College/University,General","Intermediate,Advanced",,Wearables,https://www.amazon.com/Wearable-Technology-Medicine-Health-Care/dp/0128118105/ref=sr_1_1?ie=UTF8&qid=1543368171&sr=8-1&keywords=wearable+technology+in+medicine+and+health+care,,"Very specific to the medical field - focused on smart technologies (glasses and wearable textiles), biometric sensors, and wearable robotics for limb deficiencies. The chapters cover different types of sensors - fabric, motion, pressure, etc - as well as applications for use."
Beauty Technology: Designing Seamless Interfaces for Wearable Computing,"Katia Vega,Hugo Fuks",2016,978-3319157610,"General,College/University","Beginner,Intermediate",,Wearables,https://www.amazon.com/Beauty-Technology-Interfaces-Human-Computer-Interaction-ebook/dp/B01G4XEUE8/ref=sr_1_1?ie=UTF8&qid=1543369392&sr=8-1&keywords=beauty+technology+designing+seamless+interfaces+for+wearable+computing,,"By using the body's surface as an interactive platform, the integration of technology into beauty products is explored and can be applied directly to ones skin, fingernails, and hair adding new functionality to beauty products using technology in a personal, seamless and fashionable way. An interdisciplinary approach is taken, exploring the design of Beauty Technologies such as Conductive Makeup, Tech Nails, Hairware and FX e-makeup in order to create novel interfaces for Human Computer Interaction and Cyborg Fashion."
Wearable Computers and Augmented Reality,Woodrow Barfield,2016,978-1138749313,"General,College/University","Intermediate,Advanced",,Wearables,https://www.amazon.com/Fundamentals-Wearable-Computers-Augmented-Reality-ebook/dp/B011NH3DB6/ref=sr_1_1?ie=UTF8&qid=1543370188&sr=8-1&keywords=wearable+computers+and+augmented+reality,,"The text details more of the applications and history of wearables and augmented reality, as well as a few other haptic and visual displays. Fundamentals of Wearable Computers and Augmented Reality goes beyond smart clothing to explore user interface design issues specific to wearable tech and areas in which it can be applied."
Wearable Android: Android wear & Google Fit app development,Sanjay Mishra,2015,978-1119051107,"College/University,General","Beginner,Intermediate,Advanced",,Wearables,https://www.amazon.com/Wearable-Android-Wear-Google-Development-ebook/dp/B015ZLIEPQ/ref=sr_1_1?s=books&ie=UTF8&qid=1543370896&sr=1-1&keywords=Wearable+Android%3A+Android+wear+and+Google+Fit,,"This book covers wearable computing and wearable application development particularly for Android Wear (smartwatches) and Google Fit (fitness sensors). It provides relevant history, background and core concepts of wearable computing and ubiquitous computing, as a foundation for designing/developing applications for the Android Wear and Google Fit platforms. This book is intended for Android wearable enthusiasts, technologists and software developers."
Crafting Wearables: Blending Technology with Fashion,"Deren Guler,Madeline Gannon,Kate Sicchio",2016,978-1484218075,"College/University,General,Libraries","Beginner,Intermediate",,Wearables,https://www.amazon.com/Crafting-Wearables-Blending-Technology-Fashion/dp/1484218078,,"Crafting Wearables begins with the history of the field, then covers current practices and future trends. Crafting Wearables is intended to impart comprehensive general knowledge of the state of wearables in different industries while providing a well-curated list of example projects and resources by which to begin your personal journey into e-textiles. It is a wonderful read for those who are looking to expand their understanding of fashion and technology from both a hands-on and research-based perspective."
"Make: Wearable Electronics: Design, prototype, and wear your own interactive garments",Kate Hartman,2014,978-1449336516,"General,College/University,Libraries","Beginner,Intermediate",,Wearables,https://www.amazon.com/Make-Wearable-Electronics-prototype-interactive-ebook/dp/B00MNTH1H6,,"Make: Wearable Electronics is intended for those with an interest in physical computing who are looking to create interfaces or systems that live on the body. Perfect for makers new to wearable tech, this book introduces you to the tools, materials, and techniques for creating interactive electronic circuits and embedding them in clothing and other things you can wear.   Each chapter features experiments to get you comfortable with the technology and then invites you to build upon that knowledge with your own projects. Fully illustrated with step-by-step instructions and images of amazing creations made by artists and professional designers, this book offers a concrete understanding of electronic circuits and how you can use them to bring your wearable projects from concept to prototype."
"Make it, wear it : wearable electronics for makers, crafters, and cosplayers","Hal.,Sahrye.; Rodriguez,Cohen",2018,978-1-260-11615-1 1-260-11615-8,General,"Intermediate,Advanced",checked,Wearables,https://www.amazon.com/Make-Wear-Wearable-Electronics-Cosplayers/dp/1260116158/ref=sr_1_1?keywords=Make+it%2C+wear+it+%3A+wearable+electronics+for+makers%2C+crafters%2C+and+cosplayers&qid=1572884762&sr=8-1,https://www.worldcat.org/title/make-it-wear-it-wearable-electronics-for-makers-crafters-and-cosplayers/oclc/1101209079&referer=brief_results,"For those interested in combining sewing, programing, 3D printing, and laser cutting into breathtaking wearable technology, this book provides projects that do just that.  After providing a brief overview of the above skills, this book dives into 7 detailed projects with clear written and photographic instructions, including a backpack that will charge your devices using solar energy, a light up scarf, and more."
